{
  "maxGameCost": 67.82838748252121,
  "edibleGhostCost": 33.41256307948888,
  "edibleGhostInfluenceDecay": 27.456049262689476,
  "powerPillCost": 0.005350805207027758,
  "pillCost": 8.650210989154264,
  "ghostCost": 3.057780601820991,
  "ghostInfluenceDecay": 31.377368401128454
}
