{
  "maxGameCost": 163.13390403033844,
  "edibleGhostCost": 19.371929108890974,
  "edibleGhostInfluenceDecay": 30.903191995381313,
  "powerPillCost": 0.0029355522835595757,
  "powerPillCostGrowth": 0.0,
  "pillCost": 0.11300598141888056,
  "pillCostDecline": 0.0,
  "ghostCost": 0.1629846603737962,
  "ghostInfluenceDecay": 10.370000350644846
}
